<?xml version="1.0" encoding="utf-8" standalone="yes"?><rss version="2.0" xmlns:atom="http://www.w3.org/2005/Atom" xmlns:content="http://purl.org/rss/1.0/modules/content/"><channel><title>Categories on Arib's Blog</title><link>https://i.arib.sa/en/categories/</link><description>Recent content in Categories on Arib's Blog</description><generator>Hugo -- 0.155.2</generator><language>en</language><atom:link href="https://i.arib.sa/en/categories/index.xml" rel="self" type="application/rss+xml"/></channel></rss>