<?xml version="1.0" encoding="utf-8" standalone="yes"?><rss version="2.0" xmlns:atom="http://www.w3.org/2005/Atom" xmlns:content="http://purl.org/rss/1.0/modules/content/"><channel><title>Categories on مدونة أريب</title><link>https://i.arib.sa/categories/</link><description>Recent content in Categories on مدونة أريب</description><generator>Hugo -- 0.155.2</generator><language>ar</language><lastBuildDate>Thu, 05 Feb 2026 21:30:00 +0300</lastBuildDate><atom:link href="https://i.arib.sa/categories/index.xml" rel="self" type="application/rss+xml"/><item><title>عام</title><link>https://i.arib.sa/categories/%D8%B9%D8%A7%D9%85/</link><pubDate>Thu, 05 Feb 2026 21:30:00 +0300</pubDate><guid>https://i.arib.sa/categories/%D8%B9%D8%A7%D9%85/</guid><description/></item></channel></rss>