<?xml version="1.0" encoding="utf-8" standalone="yes"?><rss version="2.0" xmlns:atom="http://www.w3.org/2005/Atom" xmlns:content="http://purl.org/rss/1.0/modules/content/"><channel><title>أريب on مدونة أريب</title><link>https://i.arib.sa/tags/%D8%A3%D8%B1%D9%8A%D8%A8/</link><description>Recent content in أريب on مدونة أريب</description><generator>Hugo -- 0.155.2</generator><language>ar</language><lastBuildDate>Thu, 05 Feb 2026 21:30:00 +0300</lastBuildDate><atom:link href="https://i.arib.sa/tags/%D8%A3%D8%B1%D9%8A%D8%A8/index.xml" rel="self" type="application/rss+xml"/><item><title>مرحباً بكم في مدونة أريب 👋</title><link>https://i.arib.sa/posts/welcome/</link><pubDate>Thu, 05 Feb 2026 21:30:00 +0300</pubDate><guid>https://i.arib.sa/posts/welcome/</guid><description>تعرّف على أريب ومدونته الجديدة</description></item></channel></rss>