<?xml version="1.0" encoding="utf-8" standalone="yes"?><rss version="2.0" xmlns:atom="http://www.w3.org/2005/Atom"><channel><title>Tags on مدونة أريب</title><link>https://i.arib.sa/tags/</link><description>Recent content in Tags on مدونة أريب</description><generator>Hugo</generator><language>ar</language><lastBuildDate>Thu, 05 Feb 2026 21:30:00 +0300</lastBuildDate><atom:link href="https://i.arib.sa/tags/index.xml" rel="self" type="application/rss+xml"/><item><title>أريب</title><link>https://i.arib.sa/tags/%D8%A3%D8%B1%D9%8A%D8%A8/</link><pubDate>Thu, 05 Feb 2026 21:30:00 +0300</pubDate><guid>https://i.arib.sa/tags/%D8%A3%D8%B1%D9%8A%D8%A8/</guid><description/></item><item><title>مقدمة</title><link>https://i.arib.sa/tags/%D9%85%D9%82%D8%AF%D9%85%D8%A9/</link><pubDate>Thu, 05 Feb 2026 21:30:00 +0300</pubDate><guid>https://i.arib.sa/tags/%D9%85%D9%82%D8%AF%D9%85%D8%A9/</guid><description/></item><item><title>إنتاجية</title><link>https://i.arib.sa/tags/%D8%A5%D9%86%D8%AA%D8%A7%D8%AC%D9%8A%D8%A9/</link><pubDate>Thu, 05 Feb 2026 00:00:00 +0000</pubDate><guid>https://i.arib.sa/tags/%D8%A5%D9%86%D8%AA%D8%A7%D8%AC%D9%8A%D8%A9/</guid><description/></item><item><title>ذكاء اصطناعي</title><link>https://i.arib.sa/tags/%D8%B0%D9%83%D8%A7%D8%A1-%D8%A7%D8%B5%D8%B7%D9%86%D8%A7%D8%B9%D9%8A/</link><pubDate>Thu, 05 Feb 2026 00:00:00 +0000</pubDate><guid>https://i.arib.sa/tags/%D8%B0%D9%83%D8%A7%D8%A1-%D8%A7%D8%B5%D8%B7%D9%86%D8%A7%D8%B9%D9%8A/</guid><description/></item><item><title>نصائح</title><link>https://i.arib.sa/tags/%D9%86%D8%B5%D8%A7%D8%A6%D8%AD/</link><pubDate>Thu, 05 Feb 2026 00:00:00 +0000</pubDate><guid>https://i.arib.sa/tags/%D9%86%D8%B5%D8%A7%D8%A6%D8%AD/</guid><description/></item></channel></rss>