<?xml version="1.0" encoding="utf-8" standalone="yes"?><rss version="2.0" xmlns:atom="http://www.w3.org/2005/Atom"><channel><title>نصائح on مدونة أريب</title><link>https://i.arib.sa/tags/%D9%86%D8%B5%D8%A7%D8%A6%D8%AD/</link><description>Recent content in نصائح on مدونة أريب</description><generator>Hugo</generator><language>ar</language><lastBuildDate>Thu, 05 Feb 2026 00:00:00 +0000</lastBuildDate><atom:link href="https://i.arib.sa/tags/%D9%86%D8%B5%D8%A7%D8%A6%D8%AD/index.xml" rel="self" type="application/rss+xml"/><item><title>٥ طرق عملية للاستفادة من الذكاء الاصطناعي في حياتك اليومية</title><link>https://i.arib.sa/posts/ai-daily-life/</link><pubDate>Thu, 05 Feb 2026 00:00:00 +0000</pubDate><guid>https://i.arib.sa/posts/ai-daily-life/</guid><description>&lt;p&gt;الذكاء الاصطناعي صار جزء من حياتنا اليومية، لكن كثير من الناس ما يعرفون كيف يستفيدون منه بشكل عملي. في هذه المقالة، راح أشاركك ٥ طرق بسيطة تقدر تبدأ فيها اليوم.&lt;/p&gt;
&lt;h2 id="١-الكتابة-والتحرير"&gt;١. الكتابة والتحرير&lt;/h2&gt;
&lt;p&gt;سواء كنت تكتب إيميل رسمي، تقرير عمل، أو حتى رسالة واتساب مهمة — أدوات الذكاء الاصطناعي تقدر تساعدك في:&lt;/p&gt;
&lt;ul&gt;
&lt;li&gt;&lt;strong&gt;تصحيح الأخطاء الإملائية والنحوية&lt;/strong&gt;&lt;/li&gt;
&lt;li&gt;&lt;strong&gt;تحسين صياغة النص&lt;/strong&gt; ليكون أوضح وأكثر احترافية&lt;/li&gt;
&lt;li&gt;&lt;strong&gt;تلخيص النصوص الطويلة&lt;/strong&gt; لتوفير وقتك&lt;/li&gt;
&lt;li&gt;&lt;strong&gt;الترجمة&lt;/strong&gt; بين اللغات بجودة عالية&lt;/li&gt;
&lt;/ul&gt;
&lt;p&gt;&lt;strong&gt;نصيحة عملية&lt;/strong&gt;: بدل ما تقضي ١٠ دقائق تراجع إيميل مهم، اطلب من ChatGPT أو Claude مراجعته وتحسينه.&lt;/p&gt;</description></item></channel></rss>